ED_min,freq,peak1,peak1_idx,trough1,trough1_idx,trough2,trough2_idx,peakrange,peakrangenorm,skipped,skipped_edmin,surrogate_freq,bank,bank_range
0.32827795941748367,1.0,0.6620779021683584,45984.0,-0.6705709930542214,45498.0,-0.6511730015699039,46497.0,1.3229498994804212,0.6765084713252151,False,False,1.0,0.1-2 Hz,0.1-2 Hz
1.2046104143449643,3.1,0.03759203831410323,45241.0,0.03759203831410323,45241.0,-0.6705709930542214,45498.0,0.35408151568416235,0.17832286052599877,False,False,1.0,3-7 Hz,3-7 Hz
1.2045655255206844,20.600000000000037,0.6573037461860685,45036.0,0.6554131857312883,45032.0,0.5808110906231966,45084.0,0.03919160800882604,0.019638526615897545,False,False,1.0,18-22 Hz,18-22 Hz
1.1992340754147712,0.1,0.5517280091511171,52599.0,-0.6212933428485181,48298.0,-0.4743113147015113,57698.0,1.0995303379261316,0.7068409315239415,False,False,5.0,0.1-2 Hz,0.1-2 Hz
0.334901430390665,5.000000000000002,0.6618395964213657,45199.0,-0.6634923098215572,45095.0,-0.660040129308851,45296.0,1.3236058159865698,0.664757385261112,False,False,5.0,3-7 Hz,3-7 Hz
1.200796514054219,19.600000000000023,0.24764328597319396,45037.0,0.24764328597319396,45037.0,-0.6286392483760167,45088.0,0.43814126717460533,0.21951111221805714,False,False,5.0,18-22 Hz,18-22 Hz
1.2018148081403277,0.1,0.5589233745679981,52699.0,-0.6323755584761928,47724.0,-0.48241068949965554,57624.0,1.1163164985559222,0.7176320347859496,False,False,20.0,0.1-2 Hz,0.1-2 Hz
1.2033109370942268,3.7000000000000006,0.6662890980070604,45299.0,-0.6713334898977987,45074.0,-0.6666028020834424,45424.0,1.3352572439976809,0.6716775267172225,False,False,20.0,3-7 Hz,3-7 Hz
0.3304608483846019,20.00000000000003,0.6719197665928296,45049.0,-0.6704166913420361,45024.0,-0.6713334898977987,45074.0,1.342794857212747,0.6721442555569926,False,False,20.0,18-22 Hz,18-22 Hz
